06-21-2005,09,13,40,46,50,30
06-17-2005,16,35,40,49,50,34
06-14-2005,01,10,29,48,49,36
06-10-2005,14,29,31,37,50,34
06-07-2005,07,14,28,46,47,25
06-03-2005,04,06,14,28,47,42
05-31-2005,05,13,22,37,38,11
05-27-2005,07,17,22,34,50,24
05-24-2005,09,28,39,40,45,24
05-20-2005,03,06,27,40,44,09
05-17-2005,07,09,10,29,44,17
05-13-2005,21,23,27,33,39,08
05-10-2005,11,25,38,40,42,40
05-06-2005,07,12,25,50,51,19
05-03-2005,07,17,42,46,52,47
04-29-2005,02,05,07,28,46,21
04-26-2005,18,22,33,34,42,16
04-22-2005,23,25,43,46,49,26
04-19-2005,05,06,14,42,47,03
04-15-2005,25,26,37,39,49,29
04-12-2005,15,20,43,47,50,24
04-08-2005,05,13,17,33,35,35
04-05-2005,04,19,45,51,52,22
04-01-2005,11,19,28,32,45,10
03-29-2005,07,17,18,30,42,38
03-25-2005,11,18,19,45,49,02
03-22-2005,06,11,27,37,43,34
03-18-2005,02,09,28,29,48,33
03-15-2005,14,26,27,34,44,27
03-11-2005,18,19,31,35,36,17
03-08-2005,08,14,15,22,31,13
03-04-2005,07,10,13,35,39,21
03-01-2005,01,08,18,39,48,01
02-25-2005,04,13,37,38,50,24
02-22-2005,15,18,28,41,45,27
02-18-2005,01,19,31,35,42,34
02-15-2005,03,16,20,21,38,10
02-11-2005,06,14,21,24,50,28
02-08-2005,08,11,14,23,25,21
02-04-2005,03,12,14,30,52,34
02-01-2005,03,17,21,42,44,35
01-28-2005,25,31,39,47,52,43
01-25-2005,02,10,21,25,45,22
01-21-2005,17,27,39,40,41,21
01-18-2005,10,23,28,39,51,05
01-14-2005,15,19,24,40,47,50
01-11-2005,02,23,24,35,45,18
01-07-2005,02,08,14,15,51,38
01-04-2005,03,06,07,12,32,30
12-31-2004,10,14,45,47,51,20
12-28-2004,18,29,32,38,43,50
12-24-2004,09,20,22,41,42,10
12-21-2004,07,22,27,31,38,12
12-17-2004,16,34,38,42,47,01
12-14-2004,14,27,32,34,40,02
12-10-2004,22,23,37,42,47,15
12-07-2004,01,19,22,32,49,29
12-03-2004,12,32,37,41,52,13
11-30-2004,10,20,22,28,52,04
11-26-2004,07,09,18,37,43,34
11-23-2004,08,30,32,35,51,17
11-19-2004,01,12,24,36,51,38
11-16-2004,09,10,27,28,30,18
11-12-2004,05,31,33,35,51,01
11-09-2004,11,20,26,28,52,07
11-05-2004,03,29,30,41,43,01
11-02-2004,24,32,42,49,50,03
10-29-2004,10,18,26,31,41,48
10-26-2004,14,25,39,43,49,27
10-22-2004,03,07,20,24,43,36
10-19-2004,06,13,19,34,50,33
10-15-2004,04,08,24,30,36,25
10-12-2004,04,18,19,39,51,13
10-08-2004,16,17,21,33,41,06
10-05-2004,08,34,39,48,49,47
10-01-2004,08,10,17,24,39,52
09-28-2004,01,18,39,42,50,35
09-24-2004,11,26,30,49,50,52
09-21-2004,01,03,15,19,29,39
09-17-2004,03,16,25,38,49,04
09-14-2004,12,35,37,38,50,49
09-10-2004,11,17,27,45,52,05
09-07-2004,13,30,36,38,51,35
09-03-2004,04,14,34,38,44,10
08-31-2004,14,15,25,42,44,03
08-27-2004,05,25,38,46,47,14
08-24-2004,02,05,21,47,50,46
08-20-2004,12,17,34,37,39,34
08-17-2004,22,23,26,28,36,10
08-13-2004,14,31,41,45,48,20
08-10-2004,18,25,29,31,44,33
08-06-2004,04,23,33,38,49,07
08-03-2004,01,02,13,16,22,31
07-30-2004,16,19,21,34,35,22
07-27-2004,08,10,11,13,24,46
07-23-2004,05,12,25,35,37,12
07-20-2004,06,15,21,32,44,13
07-16-2004,03,21,22,35,44,07
07-13-2004,13,31,37,39,52,38
07-09-2004,11,23,25,29,45,16
07-06-2004,06,07,08,31,48,19
07-02-2004,10,25,38,39,50,12
06-29-2004,10,13,19,28,38,01
06-25-2004,18,19,29,32,42,32
06-22-2004,09,10,17,41,52,19
06-18-2004,07,10,11,15,51,23
06-15-2004,18,23,27,29,44,24
06-11-2004,12,28,36,39,52,36
06-08-2004,17,24,29,37,45,43
06-04-2004,04,16,18,41,47,46
06-01-2004,07,16,17,26,48,15
05-28-2004,13,27,36,39,51,33
05-25-2004,05,18,34,36,39,43
05-21-2004,04,20,27,38,49,31
05-18-2004,02,36,44,46,51,45
05-14-2004,10,19,32,36,46,06
05-11-2004,09,25,30,34,37,30
05-07-2004,14,17,19,44,50,17
05-04-2004,03,15,29,37,39,40
04-30-2004,15,21,32,39,50,34
04-27-2004,01,10,17,23,35,45
04-23-2004,08,22,25,47,48,27
04-20-2004,12,22,37,46,48,49
04-16-2004,06,24,29,42,51,41
04-13-2004,13,36,39,50,51,34
04-09-2004,02,08,10,11,23,40
04-06-2004,08,17,29,32,39,49
04-02-2004,08,17,25,46,47,13
03-30-2004,03,27,31,41,45,33
03-26-2004,08,10,17,37,49,20
03-23-2004,12,22,35,39,46,32
03-19-2004,06,09,14,32,50,04
03-16-2004,03,28,45,49,51,52
03-12-2004,04,29,32,35,36,11
03-09-2004,16,23,29,36,51,49
03-05-2004,30,40,47,49,52,03
03-02-2004,25,30,35,40,50,04
02-27-2004,02,09,24,36,52,44
02-24-2004,06,11,43,49,52,21
02-20-2004,01,13,20,21,30,24
02-17-2004,02,08,34,36,52,21
02-13-2004,14,30,42,43,45,30
02-10-2004,03,07,10,22,32,23
02-06-2004,01,06,16,30,49,13
02-03-2004,09,21,26,35,41,17
01-30-2004,17,28,30,40,51,44
01-27-2004,06,10,20,38,50,27
01-23-2004,10,18,33,46,51,13
01-20-2004,05,07,14,21,45,36
01-16-2004,12,26,41,44,49,44
01-13-2004,03,17,18,21,45,21
01-09-2004,24,32,38,47,49,12
01-06-2004,07,13,15,25,32,09
01-02-2004,07,08,36,44,48,09
12-30-2003,12,18,21,32,46,49
12-26-2003,01,10,17,20,29,36
12-23-2003,02,13,21,22,49,52
12-19-2003,05,10,17,35,39,38
12-16-2003,16,24,31,46,47,47
12-12-2003,09,16,32,45,46,26
12-09-2003,04,14,15,24,48,41
12-05-2003,01,12,15,18,44,42
12-02-2003,10,13,24,34,49,04
11-28-2003,19,26,31,44,50,19
11-25-2003,22,32,37,40,41,52
11-21-2003,14,26,28,36,42,14
11-18-2003,04,11,25,30,52,36
11-14-2003,03,13,31,41,42,52
11-11-2003,02,05,17,21,22,43
11-07-2003,06,18,23,26,30,31
11-04-2003,16,24,43,44,45,22
10-31-2003,06,12,13,36,46,03
10-28-2003,06,09,20,40,47,26
10-24-2003,08,09,16,30,31,15
10-21-2003,18,34,46,51,52,38
10-17-2003,14,20,31,46,48,18
10-14-2003,18,19,21,33,40,29
10-10-2003,04,19,36,42,48,13
10-07-2003,01,02,22,40,41,43
10-03-2003,19,21,30,31,52,51
09-30-2003,02,26,37,40,46,49
09-26-2003,05,29,32,45,52,29
09-23-2003,05,16,24,49,51,28
09-19-2003,13,14,24,34,47,13
09-16-2003,15,20,24,30,46,42
09-12-2003,16,22,23,38,46,45
09-09-2003,14,15,30,39,46,30
09-05-2003,07,09,28,41,42,19
09-02-2003,22,26,27,32,39,14
08-29-2003,08,11,17,42,52,10
08-26-2003,09,28,42,44,49,47
08-22-2003,04,19,31,32,51,31
08-19-2003,07,11,24,28,52,16
08-15-2003,01,16,20,41,52,13
08-12-2003,08,11,18,35,51,26
08-08-2003,06,09,35,40,43,42
08-05-2003,07,32,34,38,44,49
08-01-2003,02,11,27,30,33,46
07-29-2003,01,17,19,32,42,33
07-25-2003,33,46,47,50,51,30
07-22-2003,01,05,31,38,47,03
07-18-2003,29,30,34,38,44,39
07-15-2003,01,26,33,43,48,22
07-11-2003,01,04,10,16,18,10
07-08-2003,02,09,27,29,35,18
07-04-2003,06,07,22,37,46,08
07-01-2003,28,32,39,45,48,31
06-27-2003,01,14,20,31,40,43
06-24-2003,02,26,43,44,47,31
06-20-2003,01,02,03,12,37,35
06-17-2003,27,31,34,40,52,01
06-13-2003,12,15,16,20,51,33
06-10-2003,14,15,23,32,52,37
06-06-2003,10,14,28,39,40,35
06-03-2003,04,20,25,29,32,20
05-30-2003,01,21,28,33,51,03
05-27-2003,10,11,17,20,26,03
05-23-2003,12,20,31,33,50,17
05-20-2003,02,16,36,44,49,03
05-16-2003,05,10,16,26,39,52
05-13-2003,17,20,47,49,50,34
05-09-2003,01,10,20,22,28,39
05-06-2003,05,14,32,44,52,24
05-02-2003,02,05,19,32,34,52
04-29-2003,06,08,09,33,35,32
04-25-2003,01,12,32,48,51,29
04-22-2003,03,09,15,28,52,07
04-18-2003,05,15,24,50,52,03
04-15-2003,16,29,31,39,52,21
04-11-2003,15,26,27,38,39,46
04-08-2003,08,10,24,38,45,06
04-04-2003,06,22,28,31,40,18
04-01-2003,07,12,26,45,47,36
03-28-2003,08,12,21,27,29,15
03-25-2003,15,21,37,40,42,07
03-21-2003,06,17,18,40,50,08
03-18-2003,13,14,16,29,49,29
03-14-2003,03,06,14,31,33,08
03-11-2003,10,15,26,28,39,10
03-07-2003,07,10,32,36,41,33
03-04-2003,02,26,36,37,41,22
02-28-2003,11,16,26,48,49,13
02-25-2003,02,04,06,37,47,38
02-21-2003,21,28,29,40,51,20
02-18-2003,12,22,29,42,50,11
02-14-2003,11,13,19,32,47,21
02-11-2003,18,20,23,48,49,10
02-07-2003,03,09,20,26,27,50
02-04-2003,05,12,16,22,24,48
01-31-2003,01,08,09,19,22,21
01-28-2003,13,24,26,32,47,34
01-24-2003,16,31,37,40,41,05
01-21-2003,04,41,48,50,51,23
01-17-2003,25,26,38,42,46,27
01-14-2003,30,39,41,47,52,27
01-10-2003,07,17,18,34,50,18
01-07-2003,15,16,28,34,51,33
01-03-2003,06,14,28,37,46,03
12-31-2002,08,21,29,42,51,34
12-27-2002,11,14,26,30,39,03
12-24-2002,08,24,39,43,52,43
12-20-2002,10,14,41,46,49,52
12-17-2002,03,07,21,29,49,46
12-13-2002,02,13,14,24,46,34
12-10-2002,03,05,09,16,31,28
12-06-2002,04,08,30,36,52,48
12-03-2002,01,15,19,40,51,26
11-29-2002,08,25,33,42,49,40
11-26-2002,03,21,27,31,43,34
11-22-2002,11,16,19,22,46,05
11-19-2002,07,16,20,40,52,08
11-15-2002,06,17,44,49,51,39
11-12-2002,03,28,45,48,50,24
11-08-2002,17,19,37,47,48,14
11-05-2002,02,07,16,28,36,47
11-01-2002,05,10,22,23,43,37
10-29-2002,09,10,14,41,49,35
10-25-2002,08,15,34,39,47,04
10-22-2002,16,20,26,36,48,32
10-18-2002,10,31,40,48,51,38
10-15-2002,06,20,27,34,51,22
10-11-2002,09,11,17,26,41,29
10-08-2002,18,34,43,47,50,25
10-04-2002,10,42,43,45,51,01
10-01-2002,07,21,30,32,37,15
09-27-2002,23,27,30,33,36,05
09-24-2002,08,32,34,42,50,21
09-20-2002,01,02,04,05,46,08
09-17-2002,07,10,19,26,44,05
09-13-2002,24,32,37,40,51,12
09-10-2002,04,06,10,21,25,21
09-06-2002,31,39,42,49,51,35
09-03-2002,08,23,36,49,51,10
08-30-2002,06,31,32,42,51,42
08-27-2002,02,05,11,18,45,22
08-23-2002,05,19,20,45,48,44
08-20-2002,02,13,20,23,43,06
08-16-2002,22,31,33,44,52,43
08-13-2002,03,10,15,18,25,52
08-09-2002,07,17,23,43,44,26
08-06-2002,02,06,38,40,50,14
08-02-2002,10,16,23,28,31,07
07-30-2002,02,06,22,27,44,01
07-26-2002,20,27,28,37,49,32
07-23-2002,10,12,29,32,38,07
07-19-2002,07,15,24,37,46,09
07-16-2002,10,24,35,49,52,47
07-12-2002,13,19,23,38,47,15
07-09-2002,26,29,31,44,48,40
07-05-2002,11,20,26,29,41,41
07-02-2002,14,22,32,35,44,06
06-28-2002,18,31,49,50,51,04
06-25-2002,04,18,21,27,41,50
06-21-2002,13,18,32,39,49,06
06-18-2002,06,13,18,27,45,18
06-14-2002,04,08,32,37,43,02
06-11-2002,05,06,09,33,44,52
06-07-2002,14,22,27,28,42,13
06-04-2002,03,25,29,30,48,48
05-31-2002,12,28,45,46,52,47
05-28-2002,06,21,22,29,32,24
05-24-2002,02,04,32,44,52,36
05-21-2002,04,28,39,41,44,09
05-17-2002,15,18,25,33,47,30
05-14-2002,23,30,36,44,47,28
05-10-2002,01,07,35,38,49,10
05-07-2002,02,22,26,39,40,11
05-03-2002,02,21,27,35,49,08
04-30-2002,04,05,09,26,42,20
04-26-2002,11,12,21,39,44,01
04-23-2002,03,27,31,45,47,03
04-19-2002,03,04,26,40,46,04
04-16-2002,07,10,25,26,27,23
04-12-2002,06,13,14,17,41,06
04-09-2002,01,15,17,21,41,04
04-05-2002,08,21,35,47,50,15
04-02-2002,34,37,38,39,42,21
03-29-2002,15,26,28,35,44,30
03-26-2002,01,15,17,22,40,22
03-22-2002,07,12,19,35,41,34
03-19-2002,17,28,31,35,37,07
03-15-2002,05,10,22,34,45,02
03-12-2002,04,08,20,29,47,05
03-08-2002,13,15,31,36,49,18
03-05-2002,02,13,15,21,46,03
03-01-2002,13,17,37,49,50,36
02-26-2002,06,19,22,40,44,27
02-22-2002,04,11,37,40,44,09
02-19-2002,25,27,37,40,48,01
02-15-2002,02,19,41,45,47,24
02-12-2002,02,06,10,26,29,33
02-08-2002,03,13,19,40,47,13
02-05-2002,05,11,30,33,43,12
02-01-2002,04,15,17,23,33,29
01-29-2002,04,21,30,33,48,34
01-25-2002,09,23,29,32,45,30
01-22-2002,01,12,35,37,49,01
01-18-2002,01,02,09,26,27,06
01-15-2002,04,08,32,41,49,20
01-11-2002,04,05,21,24,38,21
01-08-2002,14,17,25,32,46,30
01-04-2002,07,12,24,34,37,35
01-01-2002,16,24,39,45,50,36
12-28-2001,21,29,30,32,42,20
12-25-2001,20,29,34,35,48,23
12-21-2001,03,16,18,19,43,09
12-18-2001,03,12,29,37,47,16
12-14-2001,06,27,28,29,42,36
12-11-2001,18,22,24,32,47,02
12-07-2001,05,06,13,20,46,15
12-04-2001,17,21,22,24,30,07
11-30-2001,07,08,20,21,42,05
11-27-2001,01,22,25,43,46,10
11-23-2001,03,04,38,42,49,31
11-20-2001,11,16,38,41,45,23
11-16-2001,04,07,08,38,46,36
11-13-2001,03,10,23,35,42,09
11-09-2001,05,17,21,31,41,13
11-06-2001,03,11,15,22,38,02
11-02-2001,10,11,15,35,39,14
10-30-2001,07,09,29,46,49,33
10-26-2001,16,19,22,26,45,09
10-23-2001,24,32,34,38,46,02
10-19-2001,01,24,28,33,47,25
10-16-2001,15,16,19,26,47,23
10-12-2001,04,12,17,22,49,22
10-09-2001,13,17,21,26,34,05
10-05-2001,03,07,18,23,34,23
10-02-2001,07,14,22,41,46,01
09-28-2001,01,09,16,21,25,14
09-25-2001,07,13,29,32,48,03
09-21-2001,01,30,34,36,50,03
09-18-2001,11,14,18,33,48,22
09-14-2001,02,21,27,28,45,03
09-11-2001,03,11,33,41,49,21
09-07-2001,11,18,31,37,46,16
09-04-2001,26,29,32,33,43,36
08-31-2001,04,07,08,12,38,16
08-28-2001,10,29,39,47,50,35
08-24-2001,02,10,23,26,38,26
08-21-2001,04,11,14,45,49,29
08-17-2001,01,09,16,28,46,24
08-14-2001,01,22,27,28,35,26
08-10-2001,04,12,35,36,42,06
08-07-2001,05,28,31,35,47,19
08-03-2001,04,11,21,41,44,02
07-31-2001,04,06,08,22,28,14
07-27-2001,28,29,43,46,47,03
07-24-2001,05,06,10,13,20,15
07-20-2001,14,34,38,43,47,15
07-17-2001,17,22,27,37,49,18
07-13-2001,24,35,37,45,50,35
07-10-2001,03,08,17,28,50,15
07-06-2001,03,12,22,39,46,01
07-03-2001,05,24,26,40,41,07
06-29-2001,05,09,12,28,48,05
06-26-2001,01,02,07,22,44,34
06-22-2001,05,21,37,43,50,34
06-19-2001,01,12,30,38,42,23
06-15-2001,01,06,23,30,39,20
06-12-2001,08,09,10,18,49,21
06-08-2001,01,22,30,34,46,02
06-05-2001,23,27,36,49,50,01
06-01-2001,05,18,36,44,49,35
05-29-2001,05,22,23,24,35,30
05-25-2001,12,13,17,20,22,33
05-22-2001,08,10,13,31,43,28
05-18-2001,07,19,30,38,41,05
05-15-2001,07,14,19,24,43,30
05-11-2001,11,12,19,21,26,19
05-08-2001,19,21,29,31,50,25
05-04-2001,11,24,27,35,47,22
05-01-2001,04,13,15,16,25,19
04-27-2001,03,06,30,38,44,12
04-24-2001,01,04,27,29,31,05
04-20-2001,02,05,11,32,36,24
04-17-2001,04,12,14,24,44,21
04-13-2001,16,27,36,39,47,12
04-10-2001,17,22,27,32,42,33
04-06-2001,04,09,10,16,45,30
04-03-2001,04,05,25,39,45,14
03-30-2001,04,31,38,45,48,09
03-27-2001,20,23,25,27,42,06
03-23-2001,06,10,26,39,40,28
03-20-2001,11,30,39,41,43,34
03-16-2001,14,22,38,42,43,10
03-13-2001,11,17,38,41,42,24
03-09-2001,02,10,12,15,27,17
03-06-2001,02,24,26,31,41,34
03-02-2001,13,23,24,25,42,22
02-27-2001,01,05,14,27,37,03
02-23-2001,03,18,21,36,50,06
02-20-2001,09,32,37,42,46,13
02-16-2001,09,10,24,30,31,35
02-13-2001,30,31,35,46,47,23
02-09-2001,01,12,14,16,22,26
02-06-2001,05,17,32,34,48,05
02-02-2001,06,23,25,30,31,05
01-30-2001,05,17,22,39,40,30
01-26-2001,01,08,20,37,45,17
01-23-2001,06,07,12,23,43,27
01-19-2001,04,06,16,31,36,19
01-16-2001,07,08,13,35,50,28
01-12-2001,06,15,23,26,50,06
01-09-2001,04,24,35,44,48,32
01-05-2001,01,03,09,40,42,32
01-02-2001,07,08,11,12,13,12
12-29-2000,09,15,21,22,29,24
12-26-2000,04,29,32,35,44,19
12-22-2000,14,35,40,43,50,12
12-19-2000,12,34,36,39,40,16
12-15-2000,25,30,39,40,50,08
12-12-2000,01,14,28,38,47,24
12-08-2000,23,27,29,43,45,30
12-05-2000,04,08,30,46,48,01
12-01-2000,15,25,28,38,47,05
11-28-2000,15,18,30,48,49,08
11-24-2000,20,21,32,39,46,02
11-21-2000,15,25,28,40,46,17
11-17-2000,05,08,20,38,46,03
11-14-2000,12,14,25,31,37,22
11-10-2000,26,32,39,40,46,18
11-07-2000,22,29,35,38,47,27
11-03-2000,05,15,22,23,43,23
10-31-2000,07,16,22,34,36,34
10-27-2000,21,29,33,39,44,24
10-24-2000,08,09,14,24,41,23
10-20-2000,30,36,37,42,46,04
10-17-2000,09,16,41,43,48,02
10-13-2000,02,13,20,39,43,31
10-10-2000,05,23,29,30,39,08
10-06-2000,12,17,36,38,44,16
10-03-2000,16,25,32,33,40,04
09-29-2000,08,10,30,32,40,18
09-26-2000,02,13,31,41,44,03
09-22-2000,06,11,26,28,36,06
09-19-2000,08,10,28,34,35,17
09-15-2000,02,06,10,26,39,03
09-12-2000,04,11,18,27,38,23
09-08-2000,10,12,20,33,40,30
09-05-2000,31,39,43,45,48,28
09-01-2000,04,09,26,30,31,04
08-29-2000,04,17,31,37,47,09
08-25-2000,34,35,37,47,48,12
08-22-2000,06,16,18,34,41,02
08-18-2000,05,23,38,45,50,26
08-15-2000,15,16,22,28,39,33
08-11-2000,02,14,19,24,28,07
08-08-2000,23,32,38,48,50,20
08-04-2000,05,09,14,31,47,22
08-01-2000,10,13,16,25,26,21
07-28-2000,02,07,16,21,45,03
07-25-2000,16,18,33,43,46,34
07-21-2000,11,13,15,31,41,16
07-18-2000,03,04,25,43,48,17
07-14-2000,21,22,27,28,42,24
07-11-2000,19,20,24,36,38,17
07-07-2000,24,29,32,47,49,02
07-04-2000,03,25,29,31,33,20
06-30-2000,09,16,39,46,47,15
06-27-2000,12,21,34,40,41,07
06-23-2000,09,11,13,23,49,11
06-20-2000,01,16,22,26,38,01
06-16-2000,11,12,24,33,35,04
06-13-2000,04,05,06,17,23,02
06-09-2000,06,07,25,34,45,02
06-06-2000,04,30,36,37,42,35
06-02-2000,05,24,26,39,44,03
05-30-2000,04,11,40,42,50,18
05-26-2000,08,10,11,29,40,32
05-23-2000,09,34,42,46,50,35
05-19-2000,16,24,37,38,40,26
05-16-2000,09,11,34,48,50,13
05-12-2000,12,27,28,40,48,25
05-09-2000,01,02,12,33,37,04
05-05-2000,06,08,16,30,32,26
05-02-2000,03,33,36,42,43,13
04-28-2000,05,28,29,32,49,29
04-25-2000,01,12,17,22,41,12
04-21-2000,14,15,34,42,44,08
04-18-2000,26,42,48,49,50,27
04-14-2000,02,17,24,39,40,29
04-11-2000,01,11,31,38,45,12
04-07-2000,01,06,09,17,34,18
04-04-2000,04,17,23,35,39,09
03-31-2000,03,06,07,17,43,18
03-28-2000,02,18,35,38,43,20
03-24-2000,14,31,42,46,50,28
03-21-2000,05,21,33,42,46,01
03-17-2000,17,29,37,41,50,14
03-14-2000,01,08,09,22,47,27
03-10-2000,01,02,26,39,43,07
03-07-2000,04,16,30,44,49,29
03-03-2000,02,05,14,38,47,04
02-29-2000,02,05,22,36,40,19
02-25-2000,02,14,45,48,49,10
02-22-2000,33,35,36,40,43,11
02-18-2000,01,08,15,21,37,25
02-15-2000,02,06,07,13,26,25
02-11-2000,05,27,36,37,42,20
02-08-2000,20,24,29,42,44,33
02-04-2000,26,28,37,39,44,15
02-01-2000,14,15,31,47,49,32
01-28-2000,04,42,43,45,48,34
01-25-2000,06,10,19,24,38,20
01-21-2000,04,08,12,37,45,21
01-18-2000,13,15,29,34,41,23
01-14-2000,01,09,28,41,45,22
01-11-2000,16,18,28,37,39,07
01-07-2000,01,09,23,39,41,15
01-04-2000,11,14,27,39,42,33
12-31-1999,04,17,32,38,46,26
12-28-1999,09,11,21,40,50,11
12-24-1999,32,38,40,44,50,27
12-21-1999,02,03,29,46,47,31
12-17-1999,08,15,28,30,44,24
12-14-1999,06,21,27,38,43,21
12-10-1999,18,24,25,26,32,13
12-07-1999,22,26,27,38,44,27
12-03-1999,12,15,19,24,49,08
11-30-1999,01,04,05,22,47,23
11-26-1999,17,21,22,33,38,34
11-23-1999,01,05,09,13,19,03
11-19-1999,01,18,28,36,42,19
11-16-1999,10,27,29,37,46,31
11-12-1999,20,26,27,40,45,22
11-09-1999,12,13,26,40,42,27
11-05-1999,15,23,28,33,47,09
11-02-1999,06,10,30,31,35,14
10-29-1999,17,20,23,29,33,20
10-26-1999,24,32,37,47,48,19
10-22-1999,03,05,33,36,40,29
10-19-1999,03,30,32,35,37,05
10-15-1999,15,19,29,40,41,07
10-12-1999,11,23,27,38,45,32
10-08-1999,15,17,36,37,45,15
10-05-1999,15,20,32,33,47,25
10-01-1999,09,13,15,38,41,03
09-28-1999,08,22,34,40,48,04
09-24-1999,22,25,29,45,47,17
09-21-1999,07,16,18,35,47,23
09-17-1999,25,29,30,42,47,32
09-14-1999,01,02,06,15,49,04
09-10-1999,16,20,31,32,48,06
09-07-1999,04,05,06,39,46,20
09-03-1999,24,29,37,47,48,02
08-31-1999,03,21,26,27,40,15
08-27-1999,05,23,25,47,49,24
08-24-1999,09,13,21,23,41,17
08-20-1999,05,15,27,44,47,07
08-17-1999,11,12,28,29,45,35
08-13-1999,02,19,30,45,46,31
08-10-1999,13,27,32,43,50,02
08-06-1999,16,18,20,21,50,20
08-03-1999,04,40,42,43,48,08
07-30-1999,08,13,20,44,47,21
07-27-1999,02,05,25,34,40,17
07-23-1999,06,10,24,26,37,06
07-20-1999,09,25,27,31,32,24
07-16-1999,02,06,07,17,18,01
07-13-1999,01,22,33,40,43,02
07-09-1999,16,20,22,34,36,29
07-06-1999,07,20,23,26,33,15
07-02-1999,06,26,39,40,47,08
06-29-1999,04,11,17,31,44,32
06-25-1999,02,28,34,36,48,35
06-22-1999,04,21,40,44,48,31
06-18-1999,01,13,34,37,50,05
06-15-1999,01,06,19,27,42,25
06-11-1999,05,07,13,17,43,12
06-08-1999,18,31,45,48,49,15
06-04-1999,02,05,24,33,39,12
06-01-1999,01,03,13,37,42,23
05-28-1999,05,06,09,27,50,25
05-25-1999,12,35,36,38,39,30
05-21-1999,01,15,26,37,41,13
05-18-1999,05,11,14,27,41,18
05-14-1999,01,06,25,37,42,27
05-11-1999,11,22,29,35,41,30
05-07-1999,12,21,30,35,49,15
05-04-1999,05,20,32,42,46,26
04-30-1999,01,23,25,29,39,05
04-27-1999,01,08,10,38,42,36
04-23-1999,03,12,27,38,39,17
04-20-1999,11,12,17,18,41,06
04-16-1999,01,07,10,16,36,36
04-13-1999,13,19,21,39,40,08
04-09-1999,14,27,41,44,47,10
04-06-1999,12,17,22,33,44,25
04-02-1999,08,25,26,28,35,25
03-30-1999,04,05,27,33,41,09
03-26-1999,14,15,20,47,50,35
03-23-1999,16,18,29,44,47,32
03-19-1999,17,23,37,46,49,28
03-16-1999,06,11,19,33,40,19
03-12-1999,22,32,37,38,41,03
03-09-1999,03,04,10,22,48,21
03-05-1999,03,20,26,29,36,16
03-02-1999,03,31,35,42,46,34
02-26-1999,06,26,31,44,46,01
02-23-1999,03,13,27,30,44,27
02-19-1999,01,07,16,36,40,10
02-16-1999,03,10,13,36,49,14
02-12-1999,08,11,16,27,34,08
02-09-1999,03,06,14,21,24,09
02-05-1999,02,08,14,21,27,33
02-02-1999,06,14,23,31,33,13
01-29-1999,04,09,12,32,47,27
01-26-1999,05,08,10,44,50,33
01-22-1999,07,16,20,23,36,22
01-19-1999,21,25,26,35,49,12
01-15-1999,17,18,28,42,48,08
01-12-1999,05,07,09,20,46,02
01-08-1999,05,21,23,26,37,03
01-05-1999,04,31,32,34,43,19
01-01-1999,11,19,28,43,48,05
12-29-1998,03,05,07,28,35,10
12-25-1998,06,08,17,21,31,10
12-22-1998,17,21,33,42,44,09
12-18-1998,10,21,25,34,48,24
12-15-1998,07,18,36,38,41,24
12-11-1998,11,13,42,44,50,24
12-08-1998,01,11,25,28,35,01
12-04-1998,07,16,28,30,43,04
12-01-1998,16,21,30,32,44,15
11-27-1998,04,08,20,41,44,06
11-24-1998,14,15,17,33,43,17
11-20-1998,20,40,48,49,50,17
11-17-1998,28,36,38,43,50,10
11-13-1998,05,07,18,26,45,15
11-10-1998,03,10,17,23,35,23
11-06-1998,07,21,29,46,48,16
11-03-1998,01,09,32,35,50,01
10-30-1998,12,16,22,38,46,20
10-27-1998,12,13,17,25,43,22
10-23-1998,13,20,27,28,33,20
10-20-1998,06,09,10,22,28,19
10-16-1998,06,07,14,18,33,08
10-13-1998,12,24,30,43,44,01
10-09-1998,01,23,30,47,50,02
10-06-1998,01,03,13,15,22,18
10-02-1998,02,06,08,26,39,08
09-29-1998,01,08,18,27,38,24
09-25-1998,20,23,36,46,50,09
09-22-1998,01,37,43,44,45,24
09-18-1998,15,22,23,40,50,12
09-15-1998,11,26,30,37,38,20
09-11-1998,21,31,34,35,43,04
09-08-1998,01,14,24,25,26,24
09-04-1998,11,19,25,34,47,10
09-01-1998,09,23,24,37,44,24
08-28-1998,01,21,28,43,45,17
08-25-1998,02,27,33,37,44,21
08-21-1998,06,16,19,28,48,11
08-18-1998,09,10,11,12,48,18
08-14-1998,06,10,14,17,22,17
08-11-1998,07,31,35,44,48,18
08-07-1998,07,11,32,44,46,19
08-04-1998,03,04,06,26,40,10
07-31-1998,03,10,23,33,46,08
07-28-1998,05,10,14,18,49,25
07-24-1998,07,15,18,31,35,19
07-21-1998,03,07,08,11,20,25
07-17-1998,13,24,35,39,44,24
07-14-1998,05,07,15,33,48,13
07-10-1998,19,24,28,29,38,06
07-07-1998,05,09,27,39,48,25
07-03-1998,05,36,38,39,46,01
06-30-1998,05,21,41,43,48,10
06-26-1998,20,25,30,41,47,05
06-23-1998,02,07,13,17,33,22
06-19-1998,01,11,13,14,23,22
06-16-1998,11,17,20,23,25,15
06-12-1998,02,23,24,29,48,09
06-09-1998,04,09,13,24,27,24
06-05-1998,05,18,20,30,36,10
06-02-1998,09,19,28,30,31,19
05-29-1998,03,35,36,43,47,10
05-26-1998,01,13,29,35,50,24
05-22-1998,18,25,32,46,47,12
05-19-1998,12,21,31,47,50,02
05-15-1998,03,37,41,42,48,09
05-12-1998,14,20,28,37,39,14
05-08-1998,25,33,35,40,45,17
05-05-1998,08,20,22,35,50,17
05-01-1998,02,17,29,35,46,16
04-28-1998,10,13,14,29,45,06
04-24-1998,15,17,20,25,29,21
04-21-1998,08,18,19,36,44,01
04-17-1998,06,18,20,32,50,12
04-14-1998,06,07,10,26,32,18
04-10-1998,09,11,33,35,40,16
04-07-1998,27,32,46,47,49,07
04-03-1998,08,29,38,47,50,03
03-31-1998,16,22,35,39,44,09
03-27-1998,13,15,29,36,47,24
03-24-1998,15,16,27,36,45,01
03-20-1998,15,18,19,37,39,06
03-17-1998,13,23,24,39,42,10
03-13-1998,01,03,08,31,47,03
03-10-1998,07,19,24,28,32,21
03-06-1998,02,34,37,41,42,16
03-03-1998,21,31,33,37,42,03
02-27-1998,24,26,28,29,42,22
02-24-1998,02,11,40,42,48,14
02-20-1998,09,11,12,17,19,13
02-17-1998,02,25,26,35,40,25
02-13-1998,03,17,22,23,36,01
02-10-1998,02,12,14,27,47,17
02-06-1998,04,09,15,23,29,01
01-30-1998,03,04,29,35,45,07
01-23-1998,04,17,26,32,41,17
01-16-1998,04,05,13,24,33,11
01-09-1998,01,06,23,31,48,20
01-02-1998,07,21,31,32,45,14
12-26-1997,01,18,40,41,49,08
12-19-1997,10,15,16,17,50,25
12-12-1997,03,06,08,20,30,25
12-05-1997,10,23,25,40,42,07
11-28-1997,04,20,27,29,39,11
11-21-1997,02,05,16,18,42,11
11-14-1997,12,16,22,24,45,18
11-07-1997,13,24,26,32,44,16
10-31-1997,02,07,18,25,36,17
10-24-1997,02,25,31,32,45,16
10-17-1997,22,34,35,37,45,03
10-10-1997,12,21,31,43,45,14
10-03-1997,05,11,14,23,47,07
09-26-1997,05,14,34,49,50,16
09-19-1997,26,31,32,43,46,01
09-12-1997,05,19,28,29,40,04
09-05-1997,14,15,25,26,42,03
08-29-1997,09,18,24,37,42,25
08-22-1997,06,08,11,24,30,04
08-15-1997,17,21,27,42,47,21
08-08-1997,03,05,34,35,36,03
08-01-1997,17,34,38,39,44,13
07-25-1997,04,07,33,42,44,25
07-18-1997,06,34,35,40,50,25
07-11-1997,17,36,44,46,48,18
07-04-1997,08,12,21,32,50,17
06-27-1997,01,03,37,42,46,21
06-20-1997,03,04,10,42,46,15
06-13-1997,05,06,22,38,43,03
06-06-1997,02,08,20,22,32,08
05-30-1997,01,23,25,39,43,19
05-23-1997,02,03,05,40,49,19
05-16-1997,02,04,13,17,29,11
05-09-1997,12,13,16,29,36,11
05-02-1997,04,13,20,24,36,14
04-25-1997,12,31,32,34,37,09
04-18-1997,01,11,22,45,47,08
04-11-1997,04,10,13,22,49,20
04-04-1997,08,21,22,35,48,12
03-28-1997,01,43,47,48,50,17
03-21-1997,05,10,19,38,41,21
03-14-1997,04,06,11,25,43,10
03-07-1997,11,19,36,38,46,02
02-28-1997,18,19,24,29,42,05
02-21-1997,03,08,19,28,47,15
02-14-1997,07,13,15,22,26,21
02-07-1997,04,10,27,30,38,15
01-31-1997,08,11,13,20,37,12
01-24-1997,12,17,27,30,39,07
01-17-1997,04,11,33,35,43,21
01-10-1997,04,25,30,33,47,06
01-03-1997,05,08,23,45,48,17
12-27-1996,10,30,33,35,36,01
12-20-1996,06,18,20,25,33,16
12-13-1996,07,15,36,43,44,08
12-06-1996,15,20,32,42,47,03
11-29-1996,01,14,27,46,50,22
11-22-1996,06,08,14,32,35,19
11-15-1996,02,04,05,33,47,22
11-08-1996,11,23,25,35,46,17
11-01-1996,02,10,28,39,49,17
10-25-1996,23,28,30,35,43,09
10-18-1996,09,18,24,26,46,18
10-11-1996,02,23,37,40,50,22
10-04-1996,08,16,18,36,38,01
09-27-1996,08,25,35,37,48,08
09-20-1996,05,24,31,34,48,06
09-13-1996,03,04,09,30,47,01
09-06-1996,05,11,29,47,50,17